johndoe-8111,johndoe,johndoe@example.com,$2b$12$x1YmyhdaT/bYgDERIkTeIeEMpkMCBd4k.nPph/Fwj1oMzHDBZHPMG,student
johndoee-4891,johndoee,johndoee@example.com,$2b$12$6mWivb5bCiLv1Okq0OybTenDOPaT1WdrOYB1EtZ8mouK2j1PG7QAW,teacher
johndsoe13598,johndsoe,johndoees@example.com,$2b$12$muaKDyk0F9qGjbQjJXIlMeKFyLZAAzFjrXvWmYx71kpgcq6KvDd62,teacher
johddndsoe-8164,johddndsoe,johndddoees@example.com,$2b$12$bP4qh6d7MCXtlq.rhWMVEuOnqpomRxXatV20GGG5Vt/.ywbuF57Ly,teacher
johdsdndsoe-6747,johdsdndsoe,johndddosees@example.com,$2b$12$d8CshxixMGg8C05inRs1HuFKCg5mi6pwTj8OvCsdmXfyCVSQN7f6G,teacher
johdsdddndsoe14388,johdsdddndsoe,johndddddosees@example.com,$2b$12$8vT/6ER/h/gI1hSAi1F4N.hYefQ9wkEWmudJD8JLO6xp8B/ktalU.,teacher
tch166477,tch1,tch1@example.com,$2b$12$BWOu8APAiSld5DS9BDl45OjB6bwbF5vtyBdDygubmK8V1TLdqVaWm,teacher
tch2-3175,tch2,tch2@example.com,$2b$12$SjSvQXgLdeLFb8nlt87paeXMNaS3n2Ytq736WSWcHjEjgEM4m9B.e,teacher
tch3-5857,tch3,tch3@example.com,$2b$12$.PtdWobZi4wkuFIrtVdc3OHEcKd4kTsR5vqkgn7PGI3kR4AvGfXlu,student
tec154886,tec1,tec1@example.com,$2b$12$ZtexuqkhcEUPs8F9ceRnS.lV460J4Api55RIVcvd88bGhWkVXYxLu,teacher
studentname-6021,studentname,student@example.com,$2b$12$ZbsEtusslsBQ5wxy.wc3HOLaKOGaB.GSiusaHg/p8tWcssxlLlgIa,student
john-3404,john,jhn@example.com,$2b$12$5QckKEE9TqV4o13g6PL8Wucyo6OTcY90SDY6eTZ2IilGp6zWKDQtC,teacher
student60791,student,student@gmail.com,$2b$12$zMj43lUgBRNWrE0fDNEhy.Adx8T0ucitoElHcvcmu87eqG/8ETMyK,student
tch584435,tch5,tch5@example.com,$2b$12$1pOTzW/9k3VJ2VrWyZeXYuRB6t4ERfjjQK.c4dF19GwHWEIYuNF7u,teacher
